{
"lengthUnit": "mil",
"components": {
	"fields": ["COMPONENT_NO", "COMPONENT_NAME", "LAYER", "X_COORDINATE", "Y_COORDINATE", "ANGLE"],
	"rows": [
		[1, "ADC1", "T", 640, 1290, 0],
		[2, "B1", "T", 398.7, 3379.53, 0],
		[3, "B2", "T", 753.03, 3379.53, 0],
		[4, "B3", "T", 1107.36, 3379.53, 0],
		[5, "B4", "T", 1461.69, 3379.53, 0],
		[6, "B5", "T", 398.7, 3064.57, 0],
		[7, "B6", "T", 753.03, 3064.57, 0],
		[8, "B7", "T", 1107.36, 3064.57, 0],
		[9, "B8", "T", 1461.69, 3064.57, 0],
		[10, "B9", "T", 398.7, 2749.61, 0],
		[11, "B10", "T", 753.03, 2749.61, 0],
		[12, "B11", "T", 1107.36, 2749.61, 0],
		[13, "B12", "T", 1461.69, 2749.61, 0],
		[14, "B13", "T", 398.7, 2434.65, 0],
		[15, "B14", "T", 753.03, 2434.65, 0],
		[16, "B15", "T", 1107.36, 2434.65, 0],
		[17, "B16", "T", 1461.69, 2434.65, 0],
		[18, "C1", "T", 680, 235, 0],
		[19, "C4", "T", 2580, 1515, 0],
		[20, "C5", "T", 685, 1490, 270],
		[21, "C6", "T", 2552.03, 3191.68, 0],
		[22, "C7", "T", 2145, 3185, 0],
		[23, "C10", "T", 2852.03, 3156.68, 180],
		[24, "C11", "T", 2675, 2510, 270],
		[25, "C12", "T", 2682.03, 3021.68, 0],
		[26, "C13", "T", 2682.03, 2961.68, 0],
		[27, "C14", "T", 2880, 2545, 180],
		[28, "C30", "T", 1995, 2705, 90],
		[29, "C31", "T", 2865, 2395, 270],
		[30, "CL-M", "T", 316.88, 1123.35, 0],
		[31, "CL-S", "T", 316.88, 893.35, 0],
		[32, "CLOCK", "T", 2852.03, 3291.68, 270],
		[33, "ENC1", "T", 2029.3, 715.51, 90],
		[34, "ENC2", "T", 2029.3, 1187.95, 90],
		[35, "ENC3", "T", 2029.3, 1660.4, 90],
		[36, "ENC4", "T", 2029.3, 2132.84, 90],
		[37, "ENC5", "T", 2344.26, 715.51, 90],
		[38, "ENC6", "T", 2344.26, 1187.95, 90],
		[39, "ENC7", "T", 2345, 1660, 90],
		[40, "ENC8", "T", 2344.26, 2132.84, 90],
		[41, "EXP1", "T", 1820, 2930, 180],
		[42, "EXP2", "T", 2745, 2155, 270],
		[43, "EXP3", "T", 2745, 1700, 90],
		[44, "F1-1-3", "T", 2745, 1335, 0],
		[45, "F1-4-7", "T", 2745, 1100, 0],
		[46, "F2-1-3", "T", 2745, 865, 0],
		[47, "F2-4-7", "T", 2745, 625, 0],
		[48, "HUB", "T", 2462.03, 2941.68, 270],
		[49, "JOY1", "T", 340, 1655, 0],
		[50, "JOY2", "T", 340, 1375, 0],
		[51, "LED1", "T", 2050, 300, 90],
		[52, "LED2", "T", 2310, 300, 90],
		[53, "LED3", "T", 2580, 300, 90],
		[54, "LED4", "T", 2870, 300, 90],
		[55, "PICO", "T", 1250, 1200, 90],
		[56, "PIUSB", "T", 2370, 2535, 180],
		[57, "R1", "T", 1780, 720, 90],
		[58, "R2", "T", 1780, 855, 270],
		[59, "R3", "T", 2852.03, 3066.68, 0],
		[60, "R4", "T", 625, 1470, 90],
		[61, "R5", "T", 575, 1470, 90],
		[62, "R6", "T", 1815, 355, 0],
		[63, "R7", "T", 1815, 409.39, 0],
		[64, "R8", "T", 1815, 465, 0],
		[65, "R9", "T", 1815, 520, 0],
		[66, "RS1", "T", 316.88, 663.35, 0],
		[67, "USBOUT", "T", 2897.03, 2791.68, 90],
		[68, "VOCOREUSB", "T", 2132.03, 2891.68, 270],
		[69, "PAD1", "T", 195, 2260, 0],
		[70, "PAD1", "B", 195, 2260, 0],
		[71, "PAD2", "T", 195, 2130, 0],
		[72, "PAD2", "B", 195, 2130, 0],
		[73, "PAD3", "T", 195, 2000, 0],
		[74, "PAD3", "B", 195, 2000, 0],
		[75, "PAD4", "T", 195, 1870, 0],
		[76, "PAD4", "B", 195, 1870, 0],
		[77, "PAD5", "T", 280, 2260, 0],
		[78, "PAD5", "B", 280, 2260, 0],
		[79, "PAD6", "T", 280, 2130, 0],
		[80, "PAD6", "B", 280, 2130, 0],
		[81, "PAD7", "T", 280, 2000, 0],
		[82, "PAD7", "B", 280, 2000, 0],
		[83, "PAD8", "T", 280, 1870, 0],
		[84, "PAD8", "B", 280, 1870, 0],
		[85, "PAD9", "T", 397.5, 2260, 0],
		[86, "PAD9", "B", 397.5, 2260, 0],
		[87, "PAD10", "T", 397.5, 2130, 0],
		[88, "PAD10", "B", 397.5, 2130, 0],
		[89, "PAD11", "T", 397.5, 2000, 0],
		[90, "PAD11", "B", 397.5, 2000, 0],
		[91, "PAD12", "T", 397.5, 1870, 0],
		[92, "PAD12", "B", 397.5, 1870, 0],
		[93, "PAD13", "T", 482.5, 2260, 0],
		[94, "PAD13", "B", 482.5, 2260, 0],
		[95, "PAD14", "T", 482.5, 2130, 0],
		[96, "PAD14", "B", 482.5, 2130, 0],
		[97, "PAD15", "T", 482.5, 2000, 0],
		[98, "PAD15", "B", 482.5, 2000, 0],
		[99, "PAD16", "T", 482.5, 1870, 0],
		[100, "PAD16", "B", 482.5, 1870, 0],
		[101, "PAD17", "T", 596.27, 2260, 0],
		[102, "PAD17", "B", 596.27, 2260, 0],
		[103, "PAD18", "T", 681.27, 2260, 0],
		[104, "PAD18", "B", 681.27, 2260, 0],
		[105, "PAD19", "T", 681.27, 2130, 0],
		[106, "PAD19", "B", 681.27, 2130, 0],
		[107, "PAD20", "T", 596.27, 2130, 0],
		[108, "PAD20", "B", 596.27, 2130, 0],
		[109, "PAD21", "T", 596.27, 2000, 0],
		[110, "PAD21", "B", 596.27, 2000, 0],
		[111, "PAD22", "T", 681.27, 2000, 0],
		[112, "PAD22", "B", 681.27, 2000, 0],
		[113, "PAD23", "T", 681.27, 1870, 0],
		[114, "PAD23", "B", 681.27, 1870, 0],
		[115, "PAD24", "T", 596.27, 1870, 0],
		[116, "PAD24", "B", 596.27, 1870, 0],
		[117, "PAD25", "T", 356.87, 336.21, 0],
		[118, "PAD25", "B", 356.87, 336.21, 0],
		[119, "PAD26", "T", 2405, 3405, 0],
		[120, "PAD26", "B", 2405, 3405, 0]
	]
},
"pins": {
	"fields": ["PIN_NO", "PIN_NAME", "PIN_X", "PIN_Y", "LAYER", "PIN_TYPE", "NET_NAME", "NET_TYPE", "PAD_SHAPE", "PAD_SIZEX", "PAD_SIZEY", "HOLE_SIZE", "PAD_ANGLE"],
	"rows": [
		[1, "ADC1_1", 600.63, 1206.93, "T", "SMD", "GND", "GND", "O", 11.02, 63.78, 0, 0],
		[2, "ADC1_2", 620.32, 1206.93, "T", "SMD", "EXP4", "", "O", 11.02, 63.78, 0, 0],
		[3, "ADC1_3", 640, 1206.93, "T", "SMD", "GND", "GND", "O", 11.02, 63.78, 0, 0],
		[4, "ADC1_4", 659.69, 1206.93, "T", "SMD", "JOY1-X", "", "O", 11.02, 63.78, 0, 0],
		[5, "ADC1_5", 679.37, 1206.93, "T", "SMD", "JOY1-Y", "", "O", 11.02, 63.78, 0, 0],
		[6, "ADC1_6", 679.37, 1373.07, "T", "SMD", "JOY2-X", "", "O", 11.02, 63.78, 0, 0],
		[7, "ADC1_7", 659.69, 1373.07, "T", "SMD", "JOY2-Y", "", "O", 11.02, 63.78, 0, 0],
		[8, "ADC1_8", 640, 1373.07, "T", "SMD", "ADC-VREF", "", "O", 11.02, 63.78, 0, 0],
		[9, "ADC1_9", 620.32, 1373.07, "T", "SMD", "SDA2", "", "O", 11.02, 63.78, 0, 0],
		[10, "ADC1_10", 600.63, 1373.07, "T", "SMD", "SCL2", "", "O", 11.02, 63.78, 0, 0],
		[11, "B1_1", 438.07, 3379.53, "T", "DIP", "GND", "GND", "C", 62.99, 62.99, 35.43, 180],
		[12, "B1_1", 438.07, 3379.53, "B", "DIP", "GND", "GND", "C", 62.99, 62.99, 35.43, 180],
		[13, "B1_2", 359.33, 3379.53, "T", "DIP", "B1", "", "C", 62.99, 62.99, 35.43, 180],
		[14, "B1_2", 359.33, 3379.53, "B", "DIP", "B1", "", "C", 62.99, 62.99, 35.43, 180],
		[15, "B2_1", 792.4, 3379.53, "T", "DIP", "GND", "GND", "C", 62.99, 62.99, 35.43, 180],
		[16, "B2_1", 792.4, 3379.53, "B", "DIP", "GND", "GND", "C", 62.99, 62.99, 35.43, 180],
		[17, "B2_2", 713.66, 3379.53, "T", "DIP", "B2", "", "C", 62.99, 62.99, 35.43, 180],
		[18, "B2_2", 713.66, 3379.53, "B", "DIP", "B2", "", "C", 62.99, 62.99, 35.43, 180],
		[19, "B3_1", 1146.73, 3379.53, "T", "DIP", "GND", "GND", "C", 62.99, 62.99, 35.43, 180],
		[20, "B3_1", 1146.73, 3379.53, "B", "DIP", "GND", "GND", "C", 62.99, 62.99, 35.43, 180],
		[21, "B3_2", 1067.99, 3379.53, "T", "DIP", "B3", "", "C", 62.99, 62.99, 35.43, 180],
		[22, "B3_2", 1067.99, 3379.53, "B", "DIP", "B3", "", "C", 62.99, 62.99, 35.43, 180],
		[23, "B4_1", 1501.06, 3379.53, "T", "DIP", "GND", "GND", "C", 62.99, 62.99, 35.43, 180],
		[24, "B4_1", 1501.06, 3379.53, "B", "DIP", "GND", "GND", "C", 62.99, 62.99, 35.43, 180],
		[25, "B4_2", 1422.32, 3379.53, "T", "DIP", "B4", "", "C", 62.99, 62.99, 35.43, 180],
		[26, "B4_2", 1422.32, 3379.53, "B", "DIP", "B4", "", "C", 62.99, 62.99, 35.43, 180],
		[27, "B5_1", 438.07, 3064.57, "T", "DIP", "GND", "GND", "C", 62.99, 62.99, 35.43, 180],
		[28, "B5_1", 438.07, 3064.57, "B", "DIP", "GND", "GND", "C", 62.99, 62.99, 35.43, 180],
		[29, "B5_2", 359.33, 3064.57, "T", "DIP", "B5", "", "C", 62.99, 62.99, 35.43, 180],
		[30, "B5_2", 359.33, 3064.57, "B", "DIP", "B5", "", "C", 62.99, 62.99, 35.43, 180],
		[31, "B6_1", 792.4, 3064.57, "T", "DIP", "GND", "GND", "C", 62.99, 62.99, 35.43, 180],
		[32, "B6_1", 792.4, 3064.57, "B", "DIP", "GND", "GND", "C", 62.99, 62.99, 35.43, 180],
		[33, "B6_2", 713.66, 3064.57, "T", "DIP", "B6", "", "C", 62.99, 62.99, 35.43, 180],
		[34, "B6_2", 713.66, 3064.57, "B", "DIP", "B6", "", "C", 62.99, 62.99, 35.43, 180],
		[35, "B7_1", 1146.73, 3064.57, "T", "DIP", "GND", "GND", "C", 62.99, 62.99, 35.43, 180],
		[36, "B7_1", 1146.73, 3064.57, "B", "DIP", "GND", "GND", "C", 62.99, 62.99, 35.43, 180],
		[37, "B7_2", 1067.99, 3064.57, "T", "DIP", "B7", "", "C", 62.99, 62.99, 35.43, 180],
		[38, "B7_2", 1067.99, 3064.57, "B", "DIP", "B7", "", "C", 62.99, 62.99, 35.43, 180],
		[39, "B8_1", 1501.06, 3064.57, "T", "DIP", "GND", "GND", "C", 62.99, 62.99, 35.43, 180],
		[40, "B8_1", 1501.06, 3064.57, "B", "DIP", "GND", "GND", "C", 62.99, 62.99, 35.43, 180],
		[41, "B8_2", 1422.32, 3064.57, "T", "DIP", "B8", "", "C", 62.99, 62.99, 35.43, 180],
		[42, "B8_2", 1422.32, 3064.57, "B", "DIP", "B8", "", "C", 62.99, 62.99, 35.43, 180],
		[43, "B9_1", 438.07, 2749.61, "T", "DIP", "GND", "GND", "C", 62.99, 62.99, 35.43, 180],
		[44, "B9_1", 438.07, 2749.61, "B", "DIP", "GND", "GND", "C", 62.99, 62.99, 35.43, 180],
		[45, "B9_2", 359.33, 2749.61, "T", "DIP", "B9", "", "C", 62.99, 62.99, 35.43, 180],
		[46, "B9_2", 359.33, 2749.61, "B", "DIP", "B9", "", "C", 62.99, 62.99, 35.43, 180],
		[47, "B10_1", 792.4, 2749.61, "T", "DIP", "GND", "GND", "C", 62.99, 62.99, 35.43, 180],
		[48, "B10_1", 792.4, 2749.61, "B", "DIP", "GND", "GND", "C", 62.99, 62.99, 35.43, 180],
		[49, "B10_2", 713.66, 2749.61, "T", "DIP", "B10", "", "C", 62.99, 62.99, 35.43, 180],
		[50, "B10_2", 713.66, 2749.61, "B", "DIP", "B10", "", "C", 62.99, 62.99, 35.43, 180],
		[51, "B11_1", 1146.73, 2749.61, "T", "DIP", "GND", "GND", "C", 62.99, 62.99, 35.43, 180],
		[52, "B11_1", 1146.73, 2749.61, "B", "DIP", "GND", "GND", "C", 62.99, 62.99, 35.43, 180],
		[53, "B11_2", 1067.99, 2749.61, "T", "DIP", "B11", "", "C", 62.99, 62.99, 35.43, 180],
		[54, "B11_2", 1067.99, 2749.61, "B", "DIP", "B11", "", "C", 62.99, 62.99, 35.43, 180],
		[55, "B12_1", 1501.06, 2749.61, "T", "DIP", "GND", "GND", "C", 62.99, 62.99, 35.43, 180],
		[56, "B12_1", 1501.06, 2749.61, "B", "DIP", "GND", "GND", "C", 62.99, 62.99, 35.43, 180],
		[57, "B12_2", 1422.32, 2749.61, "T", "DIP", "B12", "", "C", 62.99, 62.99, 35.43, 180],
		[58, "B12_2", 1422.32, 2749.61, "B", "DIP", "B12", "", "C", 62.99, 62.99, 35.43, 180],
		[59, "B13_1", 438.07, 2434.65, "T", "DIP", "GND", "GND", "C", 62.99, 62.99, 35.43, 180],
		[60, "B13_1", 438.07, 2434.65, "B", "DIP", "GND", "GND", "C", 62.99, 62.99, 35.43, 180],
		[61, "B13_2", 359.33, 2434.65, "T", "DIP", "B13", "", "C", 62.99, 62.99, 35.43, 180],
		[62, "B13_2", 359.33, 2434.65, "B", "DIP", "B13", "", "C", 62.99, 62.99, 35.43, 180],
		[63, "B14_1", 792.4, 2434.65, "T", "DIP", "GND", "GND", "C", 62.99, 62.99, 35.43, 180],
		[64, "B14_1", 792.4, 2434.65, "B", "DIP", "GND", "GND", "C", 62.99, 62.99, 35.43, 180],
		[65, "B14_2", 713.66, 2434.65, "T", "DIP", "B14", "", "C", 62.99, 62.99, 35.43, 180],
		[66, "B14_2", 713.66, 2434.65, "B", "DIP", "B14", "", "C", 62.99, 62.99, 35.43, 180],
		[67, "B15_1", 1146.73, 2434.65, "T", "DIP", "GND", "GND", "C", 62.99, 62.99, 35.43, 180],
		[68, "B15_1", 1146.73, 2434.65, "B", "DIP", "GND", "GND", "C", 62.99, 62.99, 35.43, 180],
		[69, "B15_2", 1067.99, 2434.65, "T", "DIP", "B15", "", "C", 62.99, 62.99, 35.43, 180],
		[70, "B15_2", 1067.99, 2434.65, "B", "DIP", "B15", "", "C", 62.99, 62.99, 35.43, 180],
		[71, "B16_1", 1501.06, 2434.65, "T", "DIP", "GND", "GND", "C", 62.99, 62.99, 35.43, 180],
		[72, "B16_1", 1501.06, 2434.65, "B", "DIP", "GND", "GND", "C", 62.99, 62.99, 35.43, 180],
		[73, "B16_2", 1422.32, 2434.65, "T", "DIP", "B16", "", "C", 62.99, 62.99, 35.43, 180],
		[74, "B16_2", 1422.32, 2434.65, "B", "DIP", "B16", "", "C", 62.99, 62.99, 35.43, 180],
		[75, "C1_1", 652.44, 235, "T", "SMD", "GND", "GND", "R", 31.5, 35.43, 0, 0],
		[76, "C1_2", 707.56, 235, "T", "SMD", "+5V", "", "R", 31.5, 35.43, 0, 0],
		[77, "C4_1", 2552.44, 1515, "T", "SMD", "GND", "GND", "R", 31.5, 35.43, 0, 0],
		[78, "C4_2", 2607.56, 1515, "T", "SMD", "VCC", "", "R", 31.5, 35.43, 0, 0],
		[79, "C5_1", 685, 1517.56, "T", "SMD", "GND", "GND", "R", 31.5, 35.43, 0, 270],
		[80, "C5_2", 685, 1462.44, "T", "SMD", "ADC-VREF", "", "R", 31.5, 35.43, 0, 270],
		[81, "C6_1", 2524.47, 3191.68, "T", "SMD", "GND", "GND", "R", 31.5, 35.43, 0, 0],
		[82, "C6_2", 2579.59, 3191.68, "T", "SMD", "$C6_2", "", "R", 31.5, 35.43, 0, 0],
		[83, "C7_1", 2085.9, 3185, "T", "SMD", "+5V", "", "R", 70.87, 102.36, 0, 0],
		[84, "C7_2", 2204.1, 3185, "T", "SMD", "GND", "GND", "R", 70.87, 102.36, 0, 0],
		[85, "C10_1", 2879.59, 3156.68, "T", "SMD", "$C10_1", "", "R", 31.5, 35.43, 0, 180],
		[86, "C10_2", 2824.47, 3156.68, "T", "SMD", "GND", "GND", "R", 31.5, 35.43, 0, 180],
		[87, "C11_1", 2675, 2569.1, "T", "SMD", "+5V", "", "R", 70.87, 102.36, 0, 270],
		[88, "C11_2", 2675, 2450.9, "T", "SMD", "GND", "GND", "R", 70.87, 102.36, 0, 270],
		[89, "C12_1", 2662.35, 3021.68, "T", "SMD", "$C12_1", "", "R", 19.68, 31.5, 0, 0],
		[90, "C12_2", 2701.72, 3021.68, "T", "SMD", "GND", "GND", "R", 19.68, 31.5, 0, 0],
		[91, "C13_1", 2662.35, 2961.68, "T", "SMD", "$C13_1", "", "R", 19.68, 31.5, 0, 0],
		[92, "C13_2", 2701.72, 2961.68, "T", "SMD", "GND", "GND", "R", 19.68, 31.5, 0, 0],
		[93, "C14_1", 2899.68, 2545, "T", "SMD", "+5V", "", "R", 19.68, 31.5, 0, 180],
		[94, "C14_2", 2860.31, 2545, "T", "SMD", "GND", "GND", "R", 19.68, 31.5, 0, 180],
		[95, "C30_1", 1995, 2677.44, "T", "SMD", "GND", "GND", "R", 31.5, 35.43, 0, 90],
		[96, "C30_2", 1995, 2732.56, "T", "SMD", "VCC", "", "R", 31.5, 35.43, 0, 90],
		[97, "C31_1", 2865, 2422.56, "T", "SMD", "GND", "GND", "R", 31.5, 35.43, 0, 270],
		[98, "C31_2", 2865, 2367.44, "T", "SMD", "VCC", "", "R", 31.5, 35.43, 0, 270],
		[99, "CL-M_1", 395.62, 1123.35, "T", "DIP", "ADC-VREF", "", "C", 62.99, 62.99, 39.37, 180],
		[100, "CL-M_1", 395.62, 1123.35, "B", "DIP", "ADC-VREF", "", "C", 62.99, 62.99, 39.37, 180],
		[101, "CL-M_2", 316.88, 1123.35, "T", "DIP", "CL-M", "", "C", 62.99, 62.99, 39.37, 180],
		[102, "CL-M_2", 316.88, 1123.35, "B", "DIP", "CL-M", "", "C", 62.99, 62.99, 39.37, 180],
		[103, "CL-M_3", 238.14, 1123.35, "T", "DIP", "GND", "GND", "C", 62.99, 62.99, 39.37, 180],
		[104, "CL-M_3", 238.14, 1123.35, "B", "DIP", "GND", "GND", "C", 62.99, 62.99, 39.37, 180],
		[105, "CL-S_1", 395.62, 893.35, "T", "DIP", "ADC-VREF", "", "C", 62.99, 62.99, 39.37, 180],
		[106, "CL-S_1", 395.62, 893.35, "B", "DIP", "ADC-VREF", "", "C", 62.99, 62.99, 39.37, 180],
		[107, "CL-S_2", 316.88, 893.35, "T", "DIP", "CL-S", "", "C", 62.99, 62.99, 39.37, 180],
		[108, "CL-S_2", 316.88, 893.35, "B", "DIP", "CL-S", "", "C", 62.99, 62.99, 39.37, 180],
		[109, "CL-S_3", 238.14, 893.35, "T", "DIP", "GND", "GND", "C", 62.99, 62.99, 39.37, 180],
		[110, "CL-S_3", 238.14, 893.35, "B", "DIP", "GND", "GND", "C", 62.99, 62.99, 39.37, 180],
		[111, "CLOCK_1", 2820.53, 3334.99, "T", "SMD", "$C6_2", "", "P", 45.28, 55.12, 0, 270],
		[112, "CLOCK_2", 2820.53, 3248.37, "T", "SMD", "GND", "GND", "R", 55.12, 45.28, 0, 270],
		[113, "CLOCK_3", 2883.53, 3248.37, "T", "SMD", "$C10_1", "", "R", 55.12, 45.28, 0, 270],
		[114, "CLOCK_4", 2883.53, 3334.99, "T", "SMD", "GND", "GND", "R", 55.12, 45.28, 0, 270],
		[115, "ENC1_1", 2029.3, 794.25, "T", "DIP", "ENC1-1", "", "C", 62.99, 62.99, 39.37, 270],
		[116, "ENC1_1", 2029.3, 794.25, "B", "DIP", "ENC1-1", "", "C", 62.99, 62.99, 39.37, 270],
		[117, "ENC1_2", 2029.3, 715.51, "T", "DIP", "GND", "GND", "C", 62.99, 62.99, 39.37, 270],
		[118, "ENC1_2", 2029.3, 715.51, "B", "DIP", "GND", "GND", "C", 62.99, 62.99, 39.37, 270],
		[119, "ENC1_3", 2029.3, 636.77, "T", "DIP", "ENC1-2", "", "C", 62.99, 62.99, 39.37, 270],
		[120, "ENC1_3", 2029.3, 636.77, "B", "DIP", "ENC1-2", "", "C", 62.99, 62.99, 39.37, 270],
		[121, "ENC2_1", 2029.3, 1266.69, "T", "DIP", "ENC2-1", "", "C", 62.99, 62.99, 39.37, 270],
		[122, "ENC2_1", 2029.3, 1266.69, "B", "DIP", "ENC2-1", "", "C", 62.99, 62.99, 39.37, 270],
		[123, "ENC2_2", 2029.3, 1187.95, "T", "DIP", "GND", "GND", "C", 62.99, 62.99, 39.37, 270],
		[124, "ENC2_2", 2029.3, 1187.95, "B", "DIP", "GND", "GND", "C", 62.99, 62.99, 39.37, 270],
		[125, "ENC2_3", 2029.3, 1109.21, "T", "DIP", "ENC2-2", "", "C", 62.99, 62.99, 39.37, 270],
		[126, "ENC2_3", 2029.3, 1109.21, "B", "DIP", "ENC2-2", "", "C", 62.99, 62.99, 39.37, 270],
		[127, "ENC3_1", 2029.3, 1739.14, "T", "DIP", "ENC3-1", "", "C", 62.99, 62.99, 39.37, 270],
		[128, "ENC3_1", 2029.3, 1739.14, "B", "DIP", "ENC3-1", "", "C", 62.99, 62.99, 39.37, 270],
		[129, "ENC3_2", 2029.3, 1660.4, "T", "DIP", "GND", "GND", "C", 62.99, 62.99, 39.37, 270],
		[130, "ENC3_2", 2029.3, 1660.4, "B", "DIP", "GND", "GND", "C", 62.99, 62.99, 39.37, 270],
		[131, "ENC3_3", 2029.3, 1581.66, "T", "DIP", "ENC3-2", "", "C", 62.99, 62.99, 39.37, 270],
		[132, "ENC3_3", 2029.3, 1581.66, "B", "DIP", "ENC3-2", "", "C", 62.99, 62.99, 39.37, 270],
		[133, "ENC4_1", 2029.3, 2211.58, "T", "DIP", "ENC4-1", "", "C", 62.99, 62.99, 39.37, 270],
		[134, "ENC4_1", 2029.3, 2211.58, "B", "DIP", "ENC4-1", "", "C", 62.99, 62.99, 39.37, 270],
		[135, "ENC4_2", 2029.3, 2132.84, "T", "DIP", "GND", "GND", "C", 62.99, 62.99, 39.37, 270],
		[136, "ENC4_2", 2029.3, 2132.84, "B", "DIP", "GND", "GND", "C", 62.99, 62.99, 39.37, 270],
		[137, "ENC4_3", 2029.3, 2054.1, "T", "DIP", "ENC4-2", "", "C", 62.99, 62.99, 39.37, 270],
		[138, "ENC4_3", 2029.3, 2054.1, "B", "DIP", "ENC4-2", "", "C", 62.99, 62.99, 39.37, 270],
		[139, "ENC5_1", 2344.26, 794.25, "T", "DIP", "ENC5-1", "", "C", 62.99, 62.99, 39.37, 270],
		[140, "ENC5_1", 2344.26, 794.25, "B", "DIP", "ENC5-1", "", "C", 62.99, 62.99, 39.37, 270],
		[141, "ENC5_2", 2344.26, 715.51, "T", "DIP", "GND", "GND", "C", 62.99, 62.99, 39.37, 270],
		[142, "ENC5_2", 2344.26, 715.51, "B", "DIP", "GND", "GND", "C", 62.99, 62.99, 39.37, 270],
		[143, "ENC5_3", 2344.26, 636.77, "T", "DIP", "ENC5-2", "", "C", 62.99, 62.99, 39.37, 270],
		[144, "ENC5_3", 2344.26, 636.77, "B", "DIP", "ENC5-2", "", "C", 62.99, 62.99, 39.37, 270],
		[145, "ENC6_1", 2344.26, 1266.69, "T", "DIP", "ENC6-1", "", "C", 62.99, 62.99, 39.37, 270],
		[146, "ENC6_1", 2344.26, 1266.69, "B", "DIP", "ENC6-1", "", "C", 62.99, 62.99, 39.37, 270],
		[147, "ENC6_2", 2344.26, 1187.95, "T", "DIP", "GND", "GND", "C", 62.99, 62.99, 39.37, 270],
		[148, "ENC6_2", 2344.26, 1187.95, "B", "DIP", "GND", "GND", "C", 62.99, 62.99, 39.37, 270],
		[149, "ENC6_3", 2344.26, 1109.21, "T", "DIP", "ENC6-2", "", "C", 62.99, 62.99, 39.37, 270],
		[150, "ENC6_3", 2344.26, 1109.21, "B", "DIP", "ENC6-2", "", "C", 62.99, 62.99, 39.37, 270],
		[151, "ENC7_1", 2345, 1738.74, "T", "DIP", "ENC7-1", "", "C", 62.99, 62.99, 39.37, 270],
		[152, "ENC7_1", 2345, 1738.74, "B", "DIP", "ENC7-1", "", "C", 62.99, 62.99, 39.37, 270],
		[153, "ENC7_2", 2345, 1660, "T", "DIP", "GND", "GND", "C", 62.99, 62.99, 39.37, 270],
		[154, "ENC7_2", 2345, 1660, "B", "DIP", "GND", "GND", "C", 62.99, 62.99, 39.37, 270],
		[155, "ENC7_3", 2345, 1581.26, "T", "DIP", "ENC7-2", "", "C", 62.99, 62.99, 39.37, 270],
		[156, "ENC7_3", 2345, 1581.26, "B", "DIP", "ENC7-2", "", "C", 62.99, 62.99, 39.37, 270],
		[157, "ENC8_1", 2344.26, 2211.58, "T", "DIP", "ENC8-1", "", "C", 62.99, 62.99, 39.37, 270],
		[158, "ENC8_1", 2344.26, 2211.58, "B", "DIP", "ENC8-1", "", "C", 62.99, 62.99, 39.37, 270],
		[159, "ENC8_2", 2344.26, 2132.84, "T", "DIP", "GND", "GND", "C", 62.99, 62.99, 39.37, 270],
		[160, "ENC8_2", 2344.26, 2132.84, "B", "DIP", "GND", "GND", "C", 62.99, 62.99, 39.37, 270],
		[161, "ENC8_3", 2344.26, 2054.1, "T", "DIP", "ENC8-2", "", "C", 62.99, 62.99, 39.37, 270],
		[162, "ENC8_3", 2344.26, 2054.1, "B", "DIP", "ENC8-2", "", "C", 62.99, 62.99, 39.37, 270],
		[163, "EXP1_1", 1960.74, 3049, "T", "SMD", "EXP1", "", "R", 15.75, 64.96, 0, 180],
		[164, "EXP1_2", 1935.15, 3049, "T", "SMD", "GND", "GND", "R", 15.75, 64.96, 0, 180],
		[165, "EXP1_3", 1909.56, 3049, "T", "SMD", "VCC", "", "R", 15.75, 64.96, 0, 180],
		[166, "EXP1_4", 1883.97, 3049, "T", "SMD", "B1", "", "R", 15.75, 64.96, 0, 180],
		[167, "EXP1_5", 1858.38, 3049, "T", "SMD", "B2", "", "R", 15.75, 64.96, 0, 180],
		[168, "EXP1_6", 1832.79, 3049, "T", "SMD", "B3", "", "R", 15.75, 64.96, 0, 180],
		[169, "EXP1_7", 1807.21, 3049, "T", "SMD", "B4", "", "R", 15.75, 64.96, 0, 180],
		[170, "EXP1_8", 1781.61, 3049, "T", "SMD", "B5", "", "R", 15.75, 64.96, 0, 180],
		[171, "EXP1_9", 1756.02, 3049, "T", "SMD", "B6", "", "R", 15.75, 64.96, 0, 180],
		[172, "EXP1_10", 1730.43, 3049, "T", "SMD", "B7", "", "R", 15.75, 64.96, 0, 180],
		[173, "EXP1_11", 1704.84, 3049, "T", "SMD", "B8", "", "R", 15.75, 64.96, 0, 180],
		[174, "EXP1_12", 1679.26, 3049, "T", "SMD", "GND", "GND", "R", 15.75, 64.96, 0, 180],
		[175, "EXP1_13", 1679.26, 2811, "T", "SMD", "B9", "", "R", 15.75, 64.96, 0, 180],
		[176, "EXP1_14", 1704.84, 2811, "T", "SMD", "B10", "", "R", 15.75, 64.96, 0, 180],
		[177, "EXP1_15", 1730.43, 2811, "T", "SMD", "B11", "", "R", 15.75, 64.96, 0, 180],
		[178, "EXP1_16", 1756.02, 2811, "T", "SMD", "B12", "", "R", 15.75, 64.96, 0, 180],
		[179, "EXP1_17", 1781.61, 2811, "T", "SMD", "B13", "", "R", 15.75, 64.96, 0, 180],
		[180, "EXP1_18", 1807.21, 2811, "T", "SMD", "B14", "", "R", 15.75, 64.96, 0, 180],
		[181, "EXP1_19", 1832.79, 2811, "T", "SMD", "B15", "", "R", 15.75, 64.96, 0, 180],
		[182, "EXP1_20", 1858.38, 2811, "T", "SMD", "B16", "", "R", 15.75, 64.96, 0, 180],
		[183, "EXP1_21", 1883.97, 2811, "T", "SMD", "GND", "GND", "R", 15.75, 64.96, 0, 180],
		[184, "EXP1_22", 1909.56, 2811, "T", "SMD", "SCL", "", "R", 15.75, 64.96, 0, 180],
		[185, "EXP1_23", 1935.15, 2811, "T", "SMD", "SDA", "", "R", 15.75, 64.96, 0, 180],
		[186, "EXP1_24", 1960.74, 2811, "T", "SMD", "VCC", "", "R", 15.75, 64.96, 0, 180],
		[187, "EXP2_1", 2626, 2295.74, "T", "SMD", "EXP2", "", "R", 15.75, 64.96, 0, 270],
		[188, "EXP2_2", 2626, 2270.15, "T", "SMD", "GND", "GND", "R", 15.75, 64.96, 0, 270],
		[189, "EXP2_3", 2626, 2244.56, "T", "SMD", "GND", "GND", "R", 15.75, 64.96, 0, 270],
		[190, "EXP2_4", 2626, 2218.97, "T", "SMD", "ENC1-1", "", "R", 15.75, 64.96, 0, 270],
		[191, "EXP2_5", 2626, 2193.38, "T", "SMD", "ENC1-2", "", "R", 15.75, 64.96, 0, 270],
		[192, "EXP2_6", 2626, 2167.79, "T", "SMD", "ENC2-1", "", "R", 15.75, 64.96, 0, 270],
		[193, "EXP2_7", 2626, 2142.21, "T", "SMD", "ENC2-2", "", "R", 15.75, 64.96, 0, 270],
		[194, "EXP2_8", 2626, 2116.61, "T", "SMD", "ENC3-1", "", "R", 15.75, 64.96, 0, 270],
		[195, "EXP2_9", 2626, 2091.02, "T", "SMD", "ENC3-2", "", "R", 15.75, 64.96, 0, 270],
		[196, "EXP2_10", 2626, 2065.43, "T", "SMD", "ENC4-1", "", "R", 15.75, 64.96, 0, 270],
		[197, "EXP2_11", 2626, 2039.84, "T", "SMD", "ENC4-2", "", "R", 15.75, 64.96, 0, 270],
		[198, "EXP2_12", 2626, 2014.26, "T", "SMD", "GND", "GND", "R", 15.75, 64.96, 0, 270],
		[199, "EXP2_13", 2864, 2014.26, "T", "SMD", "ENC5-1", "", "R", 15.75, 64.96, 0, 270],
		[200, "EXP2_14", 2864, 2039.84, "T", "SMD", "ENC5-2", "", "R", 15.75, 64.96, 0, 270],
		[201, "EXP2_15", 2864, 2065.43, "T", "SMD", "ENC6-1", "", "R", 15.75, 64.96, 0, 270],
		[202, "EXP2_16", 2864, 2091.02, "T", "SMD", "ENC6-2", "", "R", 15.75, 64.96, 0, 270],
		[203, "EXP2_17", 2864, 2116.61, "T", "SMD", "ENC7-1", "", "R", 15.75, 64.96, 0, 270],
		[204, "EXP2_18", 2864, 2142.21, "T", "SMD", "ENC7-2", "", "R", 15.75, 64.96, 0, 270],
		[205, "EXP2_19", 2864, 2167.79, "T", "SMD", "ENC8-1", "", "R", 15.75, 64.96, 0, 270],
		[206, "EXP2_20", 2864, 2193.38, "T", "SMD", "ENC8-2", "", "R", 15.75, 64.96, 0, 270],
		[207, "EXP2_21", 2864, 2218.97, "T", "SMD", "VCC", "", "R", 15.75, 64.96, 0, 270],
		[208, "EXP2_22", 2864, 2244.56, "T", "SMD", "SCL", "", "R", 15.75, 64.96, 0, 270],
		[209, "EXP2_23", 2864, 2270.15, "T", "SMD", "SDA", "", "R", 15.75, 64.96, 0, 270],
		[210, "EXP2_24", 2864, 2295.74, "T", "SMD", "VCC", "", "R", 15.75, 64.96, 0, 270],
		[211, "EXP3_1", 2864, 1559.26, "T", "SMD", "EXP3", "", "R", 15.75, 64.96, 0, 90],
		[212, "EXP3_2", 2864, 1584.85, "T", "SMD", "VCC", "", "R", 15.75, 64.96, 0, 90],
		[213, "EXP3_3", 2864, 1610.44, "T", "SMD", "GND", "GND", "R", 15.75, 64.96, 0, 90],
		[214, "EXP3_4", 2864, 1636.03, "T", "SMD", "F1-1", "", "R", 15.75, 64.96, 0, 90],
		[215, "EXP3_5", 2864, 1661.62, "T", "SMD", "F1-2", "", "R", 15.75, 64.96, 0, 90],
		[216, "EXP3_6", 2864, 1687.21, "T", "SMD", "F1-3", "", "R", 15.75, 64.96, 0, 90],
		[217, "EXP3_7", 2864, 1712.79, "T", "SMD", "F1-4", "", "R", 15.75, 64.96, 0, 90],
		[218, "EXP3_8", 2864, 1738.39, "T", "SMD", "F1-5", "", "R", 15.75, 64.96, 0, 90],
		[219, "EXP3_9", 2864, 1763.98, "T", "SMD", "F1-6", "", "R", 15.75, 64.96, 0, 90],
		[220, "EXP3_10", 2864, 1789.57, "T", "SMD", "F1-7", "", "R", 15.75, 64.96, 0, 90],
		[221, "EXP3_11", 2864, 1815.16, "T", "SMD", "F2-1", "", "R", 15.75, 64.96, 0, 90],
		[222, "EXP3_12", 2864, 1840.74, "T", "SMD", "GND", "GND", "R", 15.75, 64.96, 0, 90],
		[223, "EXP3_13", 2626, 1840.74, "T", "SMD", "F2-2", "", "R", 15.75, 64.96, 0, 90],
		[224, "EXP3_14", 2626, 1815.16, "T", "SMD", "F2-3", "", "R", 15.75, 64.96, 0, 90],
		[225, "EXP3_15", 2626, 1789.57, "T", "SMD", "F2-4", "", "R", 15.75, 64.96, 0, 90],
		[226, "EXP3_16", 2626, 1763.98, "T", "SMD", "F2-5", "", "R", 15.75, 64.96, 0, 90],
		[227, "EXP3_17", 2626, 1738.39, "T", "SMD", "F2-6", "", "R", 15.75, 64.96, 0, 90],
		[228, "EXP3_18", 2626, 1712.79, "T", "SMD", "F2-7", "", "R", 15.75, 64.96, 0, 90],
		[229, "EXP3_19", 2626, 1687.21, "T", "SMD", "EXP3_19", "", "R", 15.75, 64.96, 0, 90],
		[230, "EXP3_20", 2626, 1661.62, "T", "SMD", "EXP3_20", "", "R", 15.75, 64.96, 0, 90],
		[231, "EXP3_21", 2626, 1636.03, "T", "SMD", "GND", "GND", "R", 15.75, 64.96, 0, 90],
		[232, "EXP3_22", 2626, 1610.44, "T", "SMD", "SCL", "", "R", 15.75, 64.96, 0, 90],
		[233, "EXP3_23", 2626, 1584.85, "T", "SMD", "SDA", "", "R", 15.75, 64.96, 0, 90],
		[234, "EXP3_24", 2626, 1559.26, "T", "SMD", "VCC", "", "R", 15.75, 64.96, 0, 90],
		[235, "F1-1-3_1", 2863.11, 1335, "T", "DIP", "GND", "GND", "C", 62.99, 62.99, 39.37, 180],
		[236, "F1-1-3_1", 2863.11, 1335, "B", "DIP", "GND", "GND", "C", 62.99, 62.99, 39.37, 180],
		[237, "F1-1-3_2", 2784.37, 1335, "T", "DIP", "F1-1", "", "C", 62.99, 62.99, 39.37, 180],
		[238, "F1-1-3_2", 2784.37, 1335, "B", "DIP", "F1-1", "", "C", 62.99, 62.99, 39.37, 180],
		[239, "F1-1-3_3", 2705.63, 1335, "T", "DIP", "F1-2", "", "C", 62.99, 62.99, 39.37, 180],
		[240, "F1-1-3_3", 2705.63, 1335, "B", "DIP", "F1-2", "", "C", 62.99, 62.99, 39.37, 180],
		[241, "F1-1-3_4", 2626.89, 1335, "T", "DIP", "F1-3", "", "C", 62.99, 62.99, 39.37, 180],
		[242, "F1-1-3_4", 2626.89, 1335, "B", "DIP", "F1-3", "", "C", 62.99, 62.99, 39.37, 180],
		[243, "F1-4-7_1", 2863.11, 1100, "T", "DIP", "F1-4", "", "C", 62.99, 62.99, 39.37, 180],
		[244, "F1-4-7_1", 2863.11, 1100, "B", "DIP", "F1-4", "", "C", 62.99, 62.99, 39.37, 180],
		[245, "F1-4-7_2", 2784.37, 1100, "T", "DIP", "F1-5", "", "C", 62.99, 62.99, 39.37, 180],
		[246, "F1-4-7_2", 2784.37, 1100, "B", "DIP", "F1-5", "", "C", 62.99, 62.99, 39.37, 180],
		[247, "F1-4-7_3", 2705.63, 1100, "T", "DIP", "F1-6", "", "C", 62.99, 62.99, 39.37, 180],
		[248, "F1-4-7_3", 2705.63, 1100, "B", "DIP", "F1-6", "", "C", 62.99, 62.99, 39.37, 180],
		[249, "F1-4-7_4", 2626.89, 1100, "T", "DIP", "F1-7", "", "C", 62.99, 62.99, 39.37, 180],
		[250, "F1-4-7_4", 2626.89, 1100, "B", "DIP", "F1-7", "", "C", 62.99, 62.99, 39.37, 180],
		[251, "F2-1-3_1", 2863.11, 865, "T", "DIP", "GND", "GND", "C", 62.99, 62.99, 39.37, 180],
		[252, "F2-1-3_1", 2863.11, 865, "B", "DIP", "GND", "GND", "C", 62.99, 62.99, 39.37, 180],
		[253, "F2-1-3_2", 2784.37, 865, "T", "DIP", "F2-1", "", "C", 62.99, 62.99, 39.37, 180],
		[254, "F2-1-3_2", 2784.37, 865, "B", "DIP", "F2-1", "", "C", 62.99, 62.99, 39.37, 180],
		[255, "F2-1-3_3", 2705.63, 865, "T", "DIP", "F2-2", "", "C", 62.99, 62.99, 39.37, 180],
		[256, "F2-1-3_3", 2705.63, 865, "B", "DIP", "F2-2", "", "C", 62.99, 62.99, 39.37, 180],
		[257, "F2-1-3_4", 2626.89, 865, "T", "DIP", "F2-3", "", "C", 62.99, 62.99, 39.37, 180],
		[258, "F2-1-3_4", 2626.89, 865, "B", "DIP", "F2-3", "", "C", 62.99, 62.99, 39.37, 180],
		[259, "F2-4-7_1", 2863.11, 625, "T", "DIP", "F2-4", "", "C", 62.99, 62.99, 39.37, 180],
		[260, "F2-4-7_1", 2863.11, 625, "B", "DIP", "F2-4", "", "C", 62.99, 62.99, 39.37, 180],
		[261, "F2-4-7_2", 2784.37, 625, "T", "DIP", "F2-5", "", "C", 62.99, 62.99, 39.37, 180],
		[262, "F2-4-7_2", 2784.37, 625, "B", "DIP", "F2-5", "", "C", 62.99, 62.99, 39.37, 180],
		[263, "F2-4-7_3", 2705.63, 625, "T", "DIP", "F2-6", "", "C", 62.99, 62.99, 39.37, 180],
		[264, "F2-4-7_3", 2705.63, 625, "B", "DIP", "F2-6", "", "C", 62.99, 62.99, 39.37, 180],
		[265, "F2-4-7_4", 2626.89, 625, "T", "DIP", "F2-7", "", "C", 62.99, 62.99, 39.37, 180],
		[266, "F2-4-7_4", 2626.89, 625, "B", "DIP", "F2-7", "", "C", 62.99, 62.99, 39.37, 180],
		[267, "HUB_1", 2345.03, 3116.68, "T", "SMD", "HUB_1", "", "O", 23.62, 70.87, 0, 90],
		[268, "HUB_2", 2345.03, 3066.68, "T", "SMD", "HUB_2", "", "O", 23.62, 70.87, 0, 90],
		[269, "HUB_3", 2345.03, 3016.68, "T", "SMD", "HUB_3", "", "O", 23.62, 70.87, 0, 90],
		[270, "HUB_4", 2345.03, 2966.68, "T", "SMD", "HUB_4", "", "O", 23.62, 70.87, 0, 90],
		[271, "HUB_5", 2345.03, 2916.68, "T", "SMD", "$HUB1_5", "", "O", 23.62, 70.87, 0, 90],
		[272, "HUB_6", 2345.03, 2866.68, "T", "SMD", "$HUB1_6", "", "O", 23.62, 70.87, 0, 90],
		[273, "HUB_7", 2345.03, 2816.68, "T", "SMD", "$HUB1_7", "", "O", 23.62, 70.87, 0, 90],
		[274, "HUB_8", 2345.03, 2766.68, "T", "SMD", "$HUB1_8", "", "O", 23.62, 70.87, 0, 90],
		[275, "HUB_9", 2579.03, 2766.68, "T", "SMD", "$HUB1_9", "", "O", 23.62, 70.87, 0, 90],
		[276, "HUB_10", 2579.03, 2816.68, "T", "SMD", "$HUB1_10", "", "O", 23.62, 70.87, 0, 90],
		[277, "HUB_11", 2579.03, 2866.68, "T", "SMD", "+5V", "", "O", 23.62, 70.87, 0, 90],
		[278, "HUB_12", 2579.03, 2916.68, "T", "SMD", "GND", "GND", "O", 23.62, 70.87, 0, 90],
		[279, "HUB_13", 2579.03, 2966.68, "T", "SMD", "$C13_1", "", "O", 23.62, 70.87, 0, 90],
		[280, "HUB_14", 2579.03, 3016.68, "T", "SMD", "$C12_1", "", "O", 23.62, 70.87, 0, 90],
		[281, "HUB_15", 2579.03, 3066.68, "T", "SMD", "$HUB1_15", "", "O", 23.62, 70.87, 0, 90],
		[282, "HUB_16", 2579.03, 3116.68, "T", "SMD", "$C6_2", "", "O", 23.62, 70.87, 0, 90],
		[283, "JOY1_1", 458.11, 1655, "T", "DIP", "GND", "GND", "C", 62.99, 62.99, 39.37, 180],
		[284, "JOY1_1", 458.11, 1655, "B", "DIP", "GND", "GND", "C", 62.99, 62.99, 39.37, 180],
		[285, "JOY1_2", 379.37, 1655, "T", "DIP", "JOY2-X", "", "C", 62.99, 62.99, 39.37, 180],
		[286, "JOY1_2", 379.37, 1655, "B", "DIP", "JOY2-X", "", "C", 62.99, 62.99, 39.37, 180],
		[287, "JOY1_3", 300.63, 1655, "T", "DIP", "JOY2-Y", "", "C", 62.99, 62.99, 39.37, 180],
		[288, "JOY1_3", 300.63, 1655, "B", "DIP", "JOY2-Y", "", "C", 62.99, 62.99, 39.37, 180],
		[289, "JOY1_4", 221.89, 1655, "T", "DIP", "ADC-VREF", "", "C", 62.99, 62.99, 39.37, 180],
		[290, "JOY1_4", 221.89, 1655, "B", "DIP", "ADC-VREF", "", "C", 62.99, 62.99, 39.37, 180],
		[291, "JOY2_1", 458.11, 1375, "T", "DIP", "GND", "GND", "C", 62.99, 62.99, 39.37, 180],
		[292, "JOY2_1", 458.11, 1375, "B", "DIP", "GND", "GND", "C", 62.99, 62.99, 39.37, 180],
		[293, "JOY2_2", 379.37, 1375, "T", "DIP", "JOY1-X", "", "C", 62.99, 62.99, 39.37, 180],
		[294, "JOY2_2", 379.37, 1375, "B", "DIP", "JOY1-X", "", "C", 62.99, 62.99, 39.37, 180],
		[295, "JOY2_3", 300.63, 1375, "T", "DIP", "JOY1-Y", "", "C", 62.99, 62.99, 39.37, 180],
		[296, "JOY2_3", 300.63, 1375, "B", "DIP", "JOY1-Y", "", "C", 62.99, 62.99, 39.37, 180],
		[297, "JOY2_4", 221.89, 1375, "T", "DIP", "ADC-VREF", "", "C", 62.99, 62.99, 39.37, 180],
		[298, "JOY2_4", 221.89, 1375, "B", "DIP", "ADC-VREF", "", "C", 62.99, 62.99, 39.37, 180],
		[299, "LED1_1", 2050, 378.74, "T", "DIP", "GND", "GND", "C", 62.99, 62.99, 39.37, 270],
		[300, "LED1_1", 2050, 378.74, "B", "DIP", "GND", "GND", "C", 62.99, 62.99, 39.37, 270],
		[301, "LED1_2", 2050, 300, "T", "DIP", "$LED1_2", "", "C", 62.99, 62.99, 39.37, 270],
		[302, "LED1_2", 2050, 300, "B", "DIP", "$LED1_2", "", "C", 62.99, 62.99, 39.37, 270],
		[303, "LED1_3", 2050, 221.26, "T", "DIP", "+5V", "", "C", 62.99, 62.99, 39.37, 270],
		[304, "LED1_3", 2050, 221.26, "B", "DIP", "+5V", "", "C", 62.99, 62.99, 39.37, 270],
		[305, "LED2_1", 2310, 378.74, "T", "DIP", "GND", "GND", "C", 62.99, 62.99, 39.37, 270],
		[306, "LED2_1", 2310, 378.74, "B", "DIP", "GND", "GND", "C", 62.99, 62.99, 39.37, 270],
		[307, "LED2_2", 2310, 300, "T", "DIP", "$LED2_2", "", "C", 62.99, 62.99, 39.37, 270],
		[308, "LED2_2", 2310, 300, "B", "DIP", "$LED2_2", "", "C", 62.99, 62.99, 39.37, 270],
		[309, "LED2_3", 2310, 221.26, "T", "DIP", "+5V", "", "C", 62.99, 62.99, 39.37, 270],
		[310, "LED2_3", 2310, 221.26, "B", "DIP", "+5V", "", "C", 62.99, 62.99, 39.37, 270],
		[311, "LED3_1", 2580, 378.74, "T", "DIP", "GND", "GND", "C", 62.99, 62.99, 39.37, 270],
		[312, "LED3_1", 2580, 378.74, "B", "DIP", "GND", "GND", "C", 62.99, 62.99, 39.37, 270],
		[313, "LED3_2", 2580, 300, "T", "DIP", "$LED3_2", "", "C", 62.99, 62.99, 39.37, 270],
		[314, "LED3_2", 2580, 300, "B", "DIP", "$LED3_2", "", "C", 62.99, 62.99, 39.37, 270],
		[315, "LED3_3", 2580, 221.26, "T", "DIP", "+5V", "", "C", 62.99, 62.99, 39.37, 270],
		[316, "LED3_3", 2580, 221.26, "B", "DIP", "+5V", "", "C", 62.99, 62.99, 39.37, 270],
		[317, "LED4_1", 2870, 378.74, "T", "DIP", "GND", "GND", "C", 62.99, 62.99, 39.37, 270],
		[318, "LED4_1", 2870, 378.74, "B", "DIP", "GND", "GND", "C", 62.99, 62.99, 39.37, 270],
		[319, "LED4_2", 2870, 300, "T", "DIP", "$LED4_2", "", "C", 62.99, 62.99, 39.37, 270],
		[320, "LED4_2", 2870, 300, "B", "DIP", "$LED4_2", "", "C", 62.99, 62.99, 39.37, 270],
		[321, "LED4_3", 2870, 221.26, "T", "DIP", "+5V", "", "C", 62.99, 62.99, 39.37, 270],
		[322, "LED4_3", 2870, 221.26, "B", "DIP", "+5V", "", "C", 62.99, 62.99, 39.37, 270],
		[323, "PICO_1", 1647.14, 237.6, "T", "SMD", "LED1", "", "R", 62.99, 125.98, 0, 90],
		[324, "PICO_2", 1647.14, 337.6, "T", "SMD", "LED2", "", "R", 62.99, 125.98, 0, 90],
		[325, "PICO_3", 1647.14, 437.6, "T", "SMD", "GND", "GND", "R", 62.99, 125.98, 0, 90],
		[326, "PICO_4", 1647.14, 537.6, "T", "SMD", "LED3", "", "R", 62.99, 125.98, 0, 90],
		[327, "PICO_5", 1647.14, 637.6, "T", "SMD", "LED4", "", "R", 62.99, 125.98, 0, 90],
		[328, "PICO_6", 1647.14, 737.6, "T", "SMD", "SDA", "", "R", 62.99, 125.98, 0, 90],
		[329, "PICO_7", 1647.14, 837.6, "T", "SMD", "SCL", "", "R", 62.99, 125.98, 0, 90],
		[330, "PICO_8", 1647.14, 937.6, "T", "SMD", "GND", "GND", "R", 62.99, 125.98, 0, 90],
		[331, "PICO_9", 1647.14, 1037.6, "T", "SMD", "SDA2", "", "R", 62.99, 125.98, 0, 90],
		[332, "PICO_10", 1647.14, 1137.6, "T", "SMD", "SCL2", "", "R", 62.99, 125.98, 0, 90],
		[333, "PICO_11", 1647.14, 1237.6, "T", "SMD", "EXP1", "", "R", 62.99, 125.98, 0, 90],
		[334, "PICO_12", 1647.14, 1337.6, "T", "SMD", "EXP2", "", "R", 62.99, 125.98, 0, 90],
		[335, "PICO_13", 1647.14, 1437.6, "T", "SMD", "GND", "GND", "R", 62.99, 125.98, 0, 90],
		[336, "PICO_14", 1647.14, 1537.6, "T", "SMD", "EXP3", "", "R", 62.99, 125.98, 0, 90],
		[337, "PICO_15", 1647.14, 1637.6, "T", "SMD", "GP11", "", "R", 62.99, 125.98, 0, 90],
		[338, "PICO_16", 1647.14, 1737.6, "T", "SMD", "GP12", "", "R", 62.99, 125.98, 0, 90],
		[339, "PICO_17", 1647.14, 1837.6, "T", "SMD", "GP13", "", "R", 62.99, 125.98, 0, 90],
		[340, "PICO_18", 1647.14, 1937.6, "T", "SMD", "GND", "GND", "R", 62.99, 125.98, 0, 90],
		[341, "PICO_19", 1647.14, 2037.6, "T", "SMD", "GP14", "", "R", 62.99, 125.98, 0, 90],
		[342, "PICO_20", 1647.14, 2137.6, "T", "SMD", "GP15", "", "R", 62.99, 125.98, 0, 90],
		[343, "PICO_21", 852.86, 2137.6, "T", "SMD", "GP16", "", "R", 62.99, 125.98, 0, 90],
		[344, "PICO_22", 852.86, 2037.6, "T", "SMD", "GP17", "", "R", 62.99, 125.98, 0, 90],
		[345, "PICO_23", 852.86, 1937.6, "T", "SMD", "GND", "GND", "R", 62.99, 125.98, 0, 90],
		[346, "PICO_24", 852.86, 1837.6, "T", "SMD", "GP18", "", "R", 62.99, 125.98, 0, 90],
		[347, "PICO_25", 852.86, 1737.6, "T", "SMD", "GP19", "", "R", 62.99, 125.98, 0, 90],
		[348, "PICO_26", 852.86, 1637.6, "T", "SMD", "GP20", "", "R", 62.99, 125.98, 0, 90],
		[349, "PICO_27", 852.86, 1537.6, "T", "SMD", "GP21", "", "R", 62.99, 125.98, 0, 90],
		[350, "PICO_28", 852.86, 1437.6, "T", "SMD", "GND", "GND", "R", 62.99, 125.98, 0, 90],
		[351, "PICO_29", 852.86, 1337.6, "T", "SMD", "EXP4", "", "R", 62.99, 125.98, 0, 90],
		[352, "PICO_30", 852.86, 1237.6, "T", "SMD", "PICO_30", "", "R", 62.99, 125.98, 0, 90],
		[353, "PICO_31", 852.86, 1137.6, "T", "SMD", "CL-M", "", "R", 62.99, 125.98, 0, 90],
		[354, "PICO_32", 852.86, 1037.6, "T", "SMD", "CL-S", "", "R", 62.99, 125.98, 0, 90],
		[355, "PICO_33", 852.86, 937.6, "T", "SMD", "GND", "GND", "R", 62.99, 125.98, 0, 90],
		[356, "PICO_34", 852.86, 837.6, "T", "SMD", "RS1", "", "R", 62.99, 125.98, 0, 90],
		[357, "PICO_35", 852.86, 737.6, "T", "SMD", "ADC-VREF", "", "R", 62.99, 125.98, 0, 90],
		[358, "PICO_36", 852.86, 637.6, "T", "SMD", "VCC", "", "R", 62.99, 125.98, 0, 90],
		[359, "PICO_37", 852.86, 537.6, "T", "SMD", "PICO_37", "", "R", 62.99, 125.98, 0, 90],
		[360, "PICO_38", 852.86, 437.6, "T", "SMD", "GND", "GND", "R", 62.99, 125.98, 0, 90],
		[361, "PICO_39", 852.86, 337.6, "T", "SMD", "PICO_39", "", "R", 62.99, 125.98, 0, 90],
		[362, "PICO_40", 852.86, 237.6, "T", "SMD", "+5V", "", "R", 62.99, 125.98, 0, 90],
		[363, "PICO_41", 1350, 2169.09, "T", "SMD", "PICO_41", "", "R", 62.99, 125.98, 0, 180],
		[364, "PICO_42", 1250, 2169.09, "T", "SMD", "GND", "GND", "R", 62.99, 125.98, 0, 180],
		[365, "PICO_43", 1150, 2169.09, "T", "SMD", "PICO_43", "", "R", 62.99, 125.98, 0, 180],
		[366, "PICO_TP1", 1250, 360.83, "T", "SMD", "PICO_TP1", "", "R", 59.05, 59.05, 0, 90],
		[367, "PICO_TP2", 1210.63, 230.91, "T", "SMD", "PICO_TP2", "", "R", 59.05, 59.05, 0, 90],
		[368, "PICO_TP3", 1289.37, 230.91, "T", "SMD", "PICO_TP3", "", "R", 59.05, 59.05, 0, 90],
		[369, "PICO_TP4", 1348.42, 498.62, "T", "SMD", "PICO_TP4", "", "R", 59.05, 59.05, 0, 90],
		[370, "PICO_TP5", 1348.42, 602.05, "T", "SMD", "PICO_TP5", "", "R", 59.05, 59.05, 0, 90],
		[371, "PICO_TP6", 1348.42, 695.47, "T", "SMD", "PICO_TP6", "", "R", 59.05, 59.05, 0, 90],
		[372, "PIUSB_1", 2251.89, 2535, "T", "DIP", "GND", "GND", "C", 62.99, 62.99, 39.37, 0],
		[373, "PIUSB_1", 2251.89, 2535, "B", "DIP", "GND", "GND", "C", 62.99, 62.99, 39.37, 0],
		[374, "PIUSB_2", 2330.63, 2535, "T", "DIP", "$HUB1_8", "", "C", 62.99, 62.99, 39.37, 0],
		[375, "PIUSB_2", 2330.63, 2535, "B", "DIP", "$HUB1_8", "", "C", 62.99, 62.99, 39.37, 0],
		[376, "PIUSB_3", 2409.37, 2535, "T", "DIP", "$HUB1_7", "", "C", 62.99, 62.99, 39.37, 0],
		[377, "PIUSB_3", 2409.37, 2535, "B", "DIP", "$HUB1_7", "", "C", 62.99, 62.99, 39.37, 0],
		[378, "PIUSB_4", 2488.11, 2535, "T", "DIP", "+5V", "", "C", 62.99, 62.99, 39.37, 0],
		[379, "PIUSB_4", 2488.11, 2535, "B", "DIP", "+5V", "", "C", 62.99, 62.99, 39.37, 0],
		[380, "R1_1", 1780, 702.96, "T", "SMD", "VCC", "", "R", 22.27, 21.26, 0, 90],
		[381, "R1_2", 1780, 737.04, "T", "SMD", "SDA", "", "R", 22.27, 21.26, 0, 90],
		[382, "R2_1", 1780, 872.04, "T", "SMD", "VCC", "", "R", 22.27, 21.26, 0, 270],
		[383, "R2_2", 1780, 837.96, "T", "SMD", "SCL", "", "R", 22.27, 21.26, 0, 270],
		[384, "R3_1", 2812.66, 3066.68, "T", "SMD", "$HUB1_15", "", "R", 44.59, 54.21, 0, 0],
		[385, "R3_2", 2891.4, 3066.68, "T", "SMD", "$C10_1", "", "R", 44.59, 54.21, 0, 0],
		[386, "R4_1", 625, 1452.96, "T", "SMD", "SDA2", "", "R", 22.27, 21.26, 0, 90],
		[387, "R4_2", 625, 1487.04, "T", "SMD", "ADC-VREF", "", "R", 22.27, 21.26, 0, 90],
		[388, "R5_1", 575, 1452.96, "T", "SMD", "SCL2", "", "R", 22.27, 21.26, 0, 90],
		[389, "R5_2", 575, 1487.04, "T", "SMD", "ADC-VREF", "", "R", 22.27, 21.26, 0, 90],
		[390, "R6_1", 1797.96, 355, "T", "SMD", "LED1", "", "R", 22.27, 21.26, 0, 0],
		[391, "R6_2", 1832.04, 355, "T", "SMD", "$LED1_2", "", "R", 22.27, 21.26, 0, 0],
		[392, "R7_1", 1797.96, 409.39, "T", "SMD", "LED2", "", "R", 22.27, 21.26, 0, 0],
		[393, "R7_2", 1832.04, 409.39, "T", "SMD", "$LED2_2", "", "R", 22.27, 21.26, 0, 0],
		[394, "R8_1", 1797.96, 465, "T", "SMD", "LED3", "", "R", 22.27, 21.26, 0, 0],
		[395, "R8_2", 1832.04, 465, "T", "SMD", "$LED3_2", "", "R", 22.27, 21.26, 0, 0],
		[396, "R9_1", 1797.96, 520, "T", "SMD", "LED4", "", "R", 22.27, 21.26, 0, 0],
		[397, "R9_2", 1832.04, 520, "T", "SMD", "$LED4_2", "", "R", 22.27, 21.26, 0, 0],
		[398, "RS1_1", 395.62, 663.35, "T", "DIP", "ADC-VREF", "", "C", 62.99, 62.99, 39.37, 180],
		[399, "RS1_1", 395.62, 663.35, "B", "DIP", "ADC-VREF", "", "C", 62.99, 62.99, 39.37, 180],
		[400, "RS1_2", 316.88, 663.35, "T", "DIP", "RS1", "", "C", 62.99, 62.99, 39.37, 180],
		[401, "RS1_2", 316.88, 663.35, "B", "DIP", "RS1", "", "C", 62.99, 62.99, 39.37, 180],
		[402, "RS1_3", 238.14, 663.35, "T", "DIP", "GND", "GND", "C", 62.99, 62.99, 39.37, 180],
		[403, "RS1_3", 238.14, 663.35, "B", "DIP", "GND", "GND", "C", 62.99, 62.99, 39.37, 180],
		[404, "USBOUT_1", 2897.03, 2909.79, "T", "DIP", "GND", "GND", "C", 62.99, 62.99, 39.37, 270],
		[405, "USBOUT_1", 2897.03, 2909.79, "B", "DIP", "GND", "GND", "C", 62.99, 62.99, 39.37, 270],
		[406, "USBOUT_2", 2897.03, 2831.05, "T", "DIP", "$HUB1_10", "", "C", 62.99, 62.99, 39.37, 270],
		[407, "USBOUT_2", 2897.03, 2831.05, "B", "DIP", "$HUB1_10", "", "C", 62.99, 62.99, 39.37, 270],
		[408, "USBOUT_3", 2897.03, 2752.31, "T", "DIP", "$HUB1_9", "", "C", 62.99, 62.99, 39.37, 270],
		[409, "USBOUT_3", 2897.03, 2752.31, "B", "DIP", "$HUB1_9", "", "C", 62.99, 62.99, 39.37, 270],
		[410, "USBOUT_4", 2897.03, 2673.57, "T", "DIP", "+5V", "", "C", 62.99, 62.99, 39.37, 270],
		[411, "USBOUT_4", 2897.03, 2673.57, "B", "DIP", "+5V", "", "C", 62.99, 62.99, 39.37, 270],
		[412, "VOCOREUSB_1", 2132.03, 2773.57, "T", "DIP", "GND", "GND", "C", 62.99, 62.99, 39.37, 90],
		[413, "VOCOREUSB_1", 2132.03, 2773.57, "B", "DIP", "GND", "GND", "C", 62.99, 62.99, 39.37, 90],
		[414, "VOCOREUSB_2", 2132.03, 2852.31, "T", "DIP", "$HUB1_6", "", "C", 62.99, 62.99, 39.37, 90],
		[415, "VOCOREUSB_2", 2132.03, 2852.31, "B", "DIP", "$HUB1_6", "", "C", 62.99, 62.99, 39.37, 90],
		[416, "VOCOREUSB_3", 2132.03, 2931.05, "T", "DIP", "$HUB1_5", "", "C", 62.99, 62.99, 39.37, 90],
		[417, "VOCOREUSB_3", 2132.03, 2931.05, "B", "DIP", "$HUB1_5", "", "C", 62.99, 62.99, 39.37, 90],
		[418, "VOCOREUSB_4", 2132.03, 3009.79, "T", "DIP", "+5V", "", "C", 62.99, 62.99, 39.37, 90],
		[419, "VOCOREUSB_4", 2132.03, 3009.79, "B", "DIP", "+5V", "", "C", 62.99, 62.99, 39.37, 90],
		[420, "PAD1_1", 195, 2260, "T", "DIP", "GP11", "", "C", 60, 60, 36, 0],
		[421, "PAD1_1", 195, 2260, "B", "DIP", "GP11", "", "C", 60, 60, 36, 0],
		[422, "PAD2_2", 195, 2130, "T", "DIP", "GP12", "", "C", 60, 60, 36, 0],
		[423, "PAD2_2", 195, 2130, "B", "DIP", "GP12", "", "C", 60, 60, 36, 0],
		[424, "PAD3_3", 195, 2000, "T", "DIP", "GP13", "", "C", 60, 60, 36, 0],
		[425, "PAD3_3", 195, 2000, "B", "DIP", "GP13", "", "C", 60, 60, 36, 0],
		[426, "PAD4_4", 195, 1870, "T", "DIP", "GP14", "", "C", 60, 60, 36, 0],
		[427, "PAD4_4", 195, 1870, "B", "DIP", "GP14", "", "C", 60, 60, 36, 0],
		[428, "PAD5_1", 280, 2260, "T", "DIP", "GND", "GND", "C", 60, 60, 36, 0],
		[429, "PAD5_1", 280, 2260, "B", "DIP", "GND", "GND", "C", 60, 60, 36, 0],
		[430, "PAD6_2", 280, 2130, "T", "DIP", "GND", "GND", "C", 60, 60, 36, 0],
		[431, "PAD6_2", 280, 2130, "B", "DIP", "GND", "GND", "C", 60, 60, 36, 0],
		[432, "PAD7_3", 280, 2000, "T", "DIP", "GND", "GND", "C", 60, 60, 36, 0],
		[433, "PAD7_3", 280, 2000, "B", "DIP", "GND", "GND", "C", 60, 60, 36, 0],
		[434, "PAD8_4", 280, 1870, "T", "DIP", "GND", "GND", "C", 60, 60, 36, 0],
		[435, "PAD8_4", 280, 1870, "B", "DIP", "GND", "GND", "C", 60, 60, 36, 0],
		[436, "PAD9_1", 397.5, 2260, "T", "DIP", "GP15", "", "C", 60, 60, 36, 0],
		[437, "PAD9_1", 397.5, 2260, "B", "DIP", "GP15", "", "C", 60, 60, 36, 0],
		[438, "PAD10_2", 397.5, 2130, "T", "DIP", "GP16", "", "C", 60, 60, 36, 0],
		[439, "PAD10_2", 397.5, 2130, "B", "DIP", "GP16", "", "C", 60, 60, 36, 0],
		[440, "PAD11_3", 397.5, 2000, "T", "DIP", "GP17", "", "C", 60, 60, 36, 0],
		[441, "PAD11_3", 397.5, 2000, "B", "DIP", "GP17", "", "C", 60, 60, 36, 0],
		[442, "PAD12_4", 397.5, 1870, "T", "DIP", "GP18", "", "C", 60, 60, 36, 0],
		[443, "PAD12_4", 397.5, 1870, "B", "DIP", "GP18", "", "C", 60, 60, 36, 0],
		[444, "PAD13_1", 482.5, 2260, "T", "DIP", "GND", "GND", "C", 60, 60, 36, 0],
		[445, "PAD13_1", 482.5, 2260, "B", "DIP", "GND", "GND", "C", 60, 60, 36, 0],
		[446, "PAD14_2", 482.5, 2130, "T", "DIP", "GND", "GND", "C", 60, 60, 36, 0],
		[447, "PAD14_2", 482.5, 2130, "B", "DIP", "GND", "GND", "C", 60, 60, 36, 0],
		[448, "PAD15_3", 482.5, 2000, "T", "DIP", "GND", "GND", "C", 60, 60, 36, 0],
		[449, "PAD15_3", 482.5, 2000, "B", "DIP", "GND", "GND", "C", 60, 60, 36, 0],
		[450, "PAD16_4", 482.5, 1870, "T", "DIP", "GND", "GND", "C", 60, 60, 36, 0],
		[451, "PAD16_4", 482.5, 1870, "B", "DIP", "GND", "GND", "C", 60, 60, 36, 0],
		[452, "PAD17_1", 596.27, 2260, "T", "DIP", "GP19", "", "C", 60, 60, 36, 0],
		[453, "PAD17_1", 596.27, 2260, "B", "DIP", "GP19", "", "C", 60, 60, 36, 0],
		[454, "PAD18_1", 681.27, 2260, "T", "DIP", "GND", "GND", "C", 60, 60, 36, 0],
		[455, "PAD18_1", 681.27, 2260, "B", "DIP", "GND", "GND", "C", 60, 60, 36, 0],
		[456, "PAD19_2", 681.27, 2130, "T", "DIP", "GND", "GND", "C", 60, 60, 36, 0],
		[457, "PAD19_2", 681.27, 2130, "B", "DIP", "GND", "GND", "C", 60, 60, 36, 0],
		[458, "PAD20_2", 596.27, 2130, "T", "DIP", "GP20", "", "C", 60, 60, 36, 0],
		[459, "PAD20_2", 596.27, 2130, "B", "DIP", "GP20", "", "C", 60, 60, 36, 0],
		[460, "PAD21_3", 596.27, 2000, "T", "DIP", "GP21", "", "C", 60, 60, 36, 0],
		[461, "PAD21_3", 596.27, 2000, "B", "DIP", "GP21", "", "C", 60, 60, 36, 0],
		[462, "PAD22_3", 681.27, 2000, "T", "DIP", "GND", "GND", "C", 60, 60, 36, 0],
		[463, "PAD22_3", 681.27, 2000, "B", "DIP", "GND", "GND", "C", 60, 60, 36, 0],
		[464, "PAD23_4", 681.27, 1870, "T", "DIP", "VCC", "", "C", 60, 60, 36, 0],
		[465, "PAD23_4", 681.27, 1870, "B", "DIP", "VCC", "", "C", 60, 60, 36, 0],
		[466, "PAD24_4", 596.27, 1870, "T", "DIP", "VCC", "", "C", 60, 60, 36, 0],
		[467, "PAD24_4", 596.27, 1870, "B", "DIP", "VCC", "", "C", 60, 60, 36, 0],
		[468, "PAD25_1", 356.87, 336.21, "T", "DIP", "GND", "GND", "C", 236.22, 236.22, 125.98, 0],
		[469, "PAD25_1", 356.87, 336.21, "B", "DIP", "GND", "GND", "C", 236.22, 236.22, 125.98, 0],
		[470, "PAD26_1", 2405, 3405, "T", "DIP", "GND", "GND", "C", 236.22, 236.22, 125.98, 0],
		[471, "PAD26_1", 2405, 3405, "B", "DIP", "GND", "GND", "C", 236.22, 236.22, 125.98, 0]
	]
}
}